run_id,loss,layers,learning_rate,normalization,importance_gt,importance_fire,importance_other,dropout,grad_clip_norm,epochs_completed,train_TP,train_FP,train_FN,test_TP,test_FP,test_FN,flight03_FP,error_rate,precision,recall
1,bce,64x64x64x32,0.01,hybrid,10,5,1,0.0,1.0,100,10991,3108,0,7741,466,1327,52,0.197728,0.943219,0.853661
2,bce,64x64x64x32,0.01,hybrid,15,3,1,0.0,1.0,100,10991,2298,0,7320,245,1748,35,0.219784,0.967614,0.807234
3,bce,64x64x64x32,0.01,hybrid,5,10,1,0.0,1.0,100,10991,5538,0,8184,886,884,140,0.195192,0.902315,0.902514
4,bce,64x64x64x32,0.01,standard,10,5,1,0.0,1.0,100,10991,172,0,8259,169,809,30,0.107852,0.979948,0.910785
5,bce,64x64x64x32,0.01,standard,15,3,1,0.0,1.0,100,10991,236,0,8415,176,653,41,0.091420,0.979513,0.927989
6,bce,64x64x64x32,0.01,standard,5,10,1,0.0,1.0,100,10991,498,0,8627,291,441,88,0.080723,0.967369,0.951367
7,bce,64x64x64x32,0.01,hybrid,10,5,1,0.1,1.0,100,10991,10662,0,8889,2230,179,230,0.265659,0.799442,0.980260
8,bce,64x64x64x32,0.01,hybrid,15,3,1,0.1,1.0,100,10991,9001,0,8842,1832,226,171,0.226952,0.828368,0.975077
9,bce,64x64x64x32,0.01,hybrid,5,10,1,0.1,1.0,100,10991,16977,0,8932,3713,136,467,0.424460,0.706366,0.985002
10,bce,64x64x64x32,0.01,standard,10,5,1,0.1,1.0,100,10991,1867,0,9060,1101,8,136,0.122298,0.891645,0.999118
11,bce,64x64x64x32,0.01,standard,15,3,1,0.1,1.0,100,10991,1125,0,9001,493,67,118,0.061756,0.948072,0.992611
12,bce,64x64x64x32,0.01,standard,5,10,1,0.1,1.0,100,10991,2796,0,9067,2092,1,169,0.230812,0.812528,0.999890
13,bce,64x64x64x32,0.001,hybrid,10,5,1,0.0,1.0,100,10991,4014,0,7329,487,1739,62,0.245479,0.937692,0.808227
14,bce,64x64x64x32,0.001,hybrid,15,3,1,0.0,1.0,100,10991,3515,0,7354,482,1714,58,0.242170,0.938489,0.810984
15,bce,64x64x64x32,0.001,hybrid,5,10,1,0.0,1.0,100,10991,4313,0,7498,668,1570,92,0.246802,0.918197,0.826864
16,bce,64x64x64x32,0.001,standard,10,5,1,0.0,1.0,100,10991,172,0,7000,81,2068,38,0.236987,0.988561,0.771945
17,bce,64x64x64x32,0.001,standard,15,3,1,0.0,1.0,100,10991,150,0,8254,63,814,27,0.096714,0.992425,0.910234
18,bce,64x64x64x32,0.001,standard,5,10,1,0.0,1.0,100,10991,215,0,7836,131,1232,41,0.150309,0.983557,0.864138
19,bce,64x64x64x32,0.001,hybrid,10,5,1,0.1,1.0,100,10991,7077,0,8672,1423,396,154,0.200596,0.859039,0.956330
20,bce,64x64x64x32,0.001,hybrid,15,3,1,0.1,1.0,100,10991,5304,0,8647,1142,421,118,0.172364,0.883338,0.953573
21,bce,64x64x64x32,0.001,hybrid,5,10,1,0.1,1.0,100,10991,12127,0,8861,2352,207,260,0.282201,0.790243,0.977172
22,bce,64x64x64x32,0.001,standard,10,5,1,0.1,1.0,100,10991,560,0,8868,463,200,73,0.073114,0.950380,0.977944
23,bce,64x64x64x32,0.001,standard,15,3,1,0.1,1.0,100,10991,455,0,8782,373,286,59,0.072673,0.959257,0.968461
24,bce,64x64x64x32,0.001,standard,5,10,1,0.1,1.0,100,10991,1043,0,8996,586,72,114,0.072563,0.938844,0.992060
25,bce,64x64x64x32,0.0001,hybrid,10,5,1,0.0,1.0,100,10991,10273,0,7528,2250,1540,174,0.417953,0.769892,0.830172
26,bce,64x64x64x32,0.0001,hybrid,15,3,1,0.0,1.0,100,10991,9913,0,7384,1547,1684,167,0.356308,0.826783,0.814292
27,bce,64x64x64x32,0.0001,hybrid,5,10,1,0.0,1.0,100,10991,11548,0,7852,1947,1216,265,0.348809,0.801306,0.865902
28,bce,64x64x64x32,0.0001,standard,10,5,1,0.0,1.0,100,10991,616,0,8553,204,515,100,0.079290,0.976704,0.943207
29,bce,64x64x64x32,0.0001,standard,15,3,1,0.0,1.0,100,10991,625,0,8437,192,631,99,0.090759,0.977749,0.930415
30,bce,64x64x64x32,0.0001,standard,5,10,1,0.0,1.0,100,10991,603,0,8866,261,202,113,0.051059,0.971404,0.977724
31,bce,64x64x64x32,0.0001,hybrid,10,5,1,0.1,1.0,100,10991,23009,0,8820,4395,248,409,0.512020,0.667423,0.972651
32,bce,64x64x64x32,0.0001,hybrid,15,3,1,0.1,1.0,100,10991,16799,0,8801,3278,267,269,0.390935,0.728620,0.970556
33,bce,64x64x64x32,0.0001,hybrid,5,10,1,0.1,1.0,100,10991,46145,0,8732,12464,336,1024,1.411557,0.411965,0.962947
34,bce,64x64x64x32,0.0001,standard,10,5,1,0.1,1.0,100,10991,2234,0,9029,886,39,142,0.102007,0.910640,0.995699
35,bce,64x64x64x32,0.0001,standard,15,3,1,0.1,1.0,100,10991,2360,0,9050,1187,18,138,0.132885,0.884048,0.998015
36,bce,64x64x64x32,0.0001,standard,5,10,1,0.1,1.0,100,10991,2465,0,9064,1308,4,158,0.144685,0.873891,0.999559
37,bce,128x64x32,0.01,hybrid,10,5,1,0.0,1.0,100,10991,3492,0,7858,466,1210,65,0.184826,0.944017,0.866564
38,bce,128x64x32,0.01,hybrid,15,3,1,0.0,1.0,100,10991,2758,0,7420,319,1648,50,0.216917,0.958780,0.818262
39,bce,128x64x32,0.01,hybrid,5,10,1,0.0,1.0,100,10991,5010,0,8231,762,837,102,0.176334,0.915267,0.907697
40,bce,128x64x32,0.01,standard,10,5,1,0.0,1.0,100,10991,160,0,8377,81,691,32,0.085135,0.990423,0.923798
41,bce,128x64x32,0.01,standard,15,3,1,0.0,1.0,100,10991,154,0,8132,86,936,26,0.112704,0.989535,0.896780
42,bce,128x64x32,0.01,standard,5,10,1,0.0,1.0,100,10991,299,0,7858,115,1210,53,0.146118,0.985576,0.866564
43,bce,128x64x32,0.01,hybrid,10,5,1,0.1,1.0,100,10991,9902,0,8783,1744,285,211,0.223754,0.834331,0.968571
44,bce,128x64x32,0.01,hybrid,15,3,1,0.1,1.0,100,10991,7721,0,8435,1258,633,124,0.208536,0.870216,0.930194
45,bce,128x64x32,0.01,hybrid,5,10,1,0.1,1.0,100,10991,13945,0,8817,2864,251,367,0.343516,0.754816,0.972320
46,bce,128x64x32,0.01,standard,10,5,1,0.1,1.0,100,10991,1307,0,9020,703,48,116,0.082819,0.927697,0.994707
47,bce,128x64x32,0.01,standard,15,3,1,0.1,1.0,100,10991,914,0,8842,362,226,91,0.064843,0.960669,0.975077
48,bce,128x64x32,0.01,standard,5,10,1,0.1,1.0,100,10991,2681,0,9066,1586,2,154,0.175121,0.851108,0.999779
49,bce,128x64x32,0.001,hybrid,10,5,1,0.0,1.0,100,10991,4236,0,7460,573,1608,88,0.240516,0.928669,0.822673
50,bce,128x64x32,0.001,hybrid,15,3,1,0.0,1.0,100,10991,3422,0,7571,433,1497,66,0.212836,0.945902,0.834914
51,bce,128x64x32,0.001,hybrid,5,10,1,0.0,1.0,100,10991,4109,0,7840,645,1228,101,0.206551,0.923984,0.864579
52,bce,128x64x32,0.001,standard,10,5,1,0.0,1.0,100,10991,195,0,7435,92,1633,42,0.190229,0.987777,0.819916
53,bce,128x64x32,0.001,standard,15,3,1,0.0,1.0,100,10991,141,0,7729,69,1339,32,0.155271,0.991152,0.852338
54,bce,128x64x32,0.001,standard,5,10,1,0.0,1.0,100,10991,227,0,7442,86,1626,45,0.188796,0.988576,0.820688
55,bce,128x64x32,0.001,hybrid,10,5,1,0.1,1.0,100,10991,6870,0,8487,1250,581,152,0.201919,0.871624,0.935929
56,bce,128x64x32,0.001,hybrid,15,3,1,0.1,1.0,100,10991,5359,0,8180,1074,888,106,0.216365,0.883942,0.902073
57,bce,128x64x32,0.001,hybrid,5,10,1,0.1,1.0,100,10991,8417,0,8666,1802,402,237,0.243052,0.827856,0.955668
58,bce,128x64x32,0.001,standard,10,5,1,0.1,1.0,100,10991,643,0,8793,368,275,62,0.070909,0.959830,0.969674
59,bce,128x64x32,0.001,standard,15,3,1,0.1,1.0,100,10991,579,0,8724,398,344,55,0.081826,0.956369,0.962064
60,bce,128x64x32,0.001,standard,5,10,1,0.1,1.0,100,10991,752,0,8856,373,212,94,0.064513,0.959584,0.976621
61,bce,128x64x32,0.0001,hybrid,10,5,1,0.0,1.0,100,10991,10530,0,7759,1544,1309,159,0.314623,0.834032,0.855646
62,bce,128x64x32,0.0001,hybrid,15,3,1,0.0,1.0,100,10991,8325,0,7596,1206,1472,137,0.295324,0.862986,0.837671
63,bce,128x64x32,0.0001,hybrid,5,10,1,0.0,1.0,100,10991,11294,0,7690,2115,1378,226,0.385201,0.784294,0.848037
64,bce,128x64x32,0.0001,standard,10,5,1,0.0,1.0,100,10991,698,0,8514,221,554,103,0.085465,0.974699,0.938906
65,bce,128x64x32,0.0001,standard,15,3,1,0.0,1.0,100,10991,735,0,8556,216,512,96,0.080282,0.975376,0.943538
66,bce,128x64x32,0.0001,standard,5,10,1,0.0,1.0,100,10991,643,0,8798,234,270,117,0.055580,0.974092,0.970225
67,bce,128x64x32,0.0001,hybrid,10,5,1,0.1,1.0,100,10991,23584,0,8626,5215,442,490,0.623842,0.623221,0.951257
68,bce,128x64x32,0.0001,hybrid,15,3,1,0.1,1.0,100,10991,17513,0,8491,3284,577,302,0.425783,0.721104,0.936370
69,bce,128x64x32,0.0001,hybrid,5,10,1,0.1,1.0,100,10991,34366,0,8751,9209,317,937,1.050507,0.487249,0.965042
70,bce,128x64x32,0.0001,standard,10,5,1,0.1,1.0,100,10991,2727,0,9061,1278,7,144,0.141707,0.876390,0.999228
71,bce,128x64x32,0.0001,standard,15,3,1,0.1,1.0,100,10991,2518,0,9038,1077,30,132,0.122078,0.893524,0.996692
72,bce,128x64x32,0.0001,standard,5,10,1,0.1,1.0,100,10991,3134,0,9060,1533,8,163,0.169938,0.855282,0.999118
73,bce,128x128x128x64,0.01,hybrid,10,5,1,0.0,1.0,100,10991,4043,0,7183,427,1885,62,0.254963,0.943890,0.792126
74,bce,128x128x128x64,0.01,hybrid,15,3,1,0.0,1.0,100,10991,2205,0,7242,315,1826,34,0.236105,0.958317,0.798633
75,bce,128x128x128x64,0.01,hybrid,5,10,1,0.0,1.0,100,10991,4325,0,8174,686,894,114,0.174239,0.922573,0.901412
76,bce,128x128x128x64,0.01,standard,10,5,1,0.0,1.0,100,10991,223,0,7692,90,1376,41,0.161667,0.988435,0.848258
77,bce,128x128x128x64,0.01,standard,15,3,1,0.0,1.0,100,10991,182,0,8509,191,559,29,0.082708,0.978046,0.938355
78,bce,128x128x128x64,0.01,standard,5,10,1,0.0,1.0,100,10991,602,0,8730,280,338,97,0.068152,0.968923,0.962726
79,bce,128x128x128x64,0.01,hybrid,10,5,1,0.1,1.0,100,10991,10570,0,8772,2055,296,227,0.259263,0.810197,0.967358
80,bce,128x128x128x64,0.01,hybrid,15,3,1,0.1,1.0,100,10991,8424,0,8702,1486,366,144,0.204235,0.854142,0.959638
81,bce,128x128x128x64,0.01,hybrid,5,10,1,0.1,1.0,100,10991,17223,0,8955,4370,113,506,0.494376,0.672045,0.987539
82,bce,128x128x128x64,0.01,standard,10,5,1,0.1,1.0,100,10991,2462,0,9066,1463,2,148,0.161557,0.861050,0.999779
83,bce,128x128x128x64,0.01,standard,15,3,1,0.1,1.0,100,10991,2183,0,9052,1197,16,137,0.133767,0.883208,0.998236
84,bce,128x128x128x64,0.01,standard,5,10,1,0.1,1.0,100,10991,4215,0,9068,2448,0,206,0.269960,0.787426,1.000000
85,bce,128x128x128x64,0.001,hybrid,10,5,1,0.0,1.0,100,10991,2432,0,6994,272,2074,30,0.258712,0.962565,0.771284
86,bce,128x128x128x64,0.001,hybrid,15,3,1,0.0,1.0,100,10991,2194,0,7019,316,2049,37,0.260807,0.956919,0.774041
87,bce,128x128x128x64,0.001,hybrid,5,10,1,0.0,1.0,100,10991,3121,0,7405,432,1663,58,0.231032,0.944877,0.816608
88,bce,128x128x128x64,0.001,standard,10,5,1,0.0,1.0,100,10991,136,0,7582,70,1486,31,0.171592,0.990852,0.836127
89,bce,128x128x128x64,0.001,standard,15,3,1,0.0,1.0,100,10991,97,0,7859,69,1209,31,0.140935,0.991297,0.866674
90,bce,128x128x128x64,0.001,standard,5,10,1,0.0,1.0,100,10991,157,0,8250,69,818,32,0.097816,0.991706,0.909793
91,bce,128x128x128x64,0.001,hybrid,10,5,1,0.1,1.0,100,10991,5764,0,8332,1082,736,92,0.200485,0.885065,0.918835
92,bce,128x128x128x64,0.001,hybrid,15,3,1,0.1,1.0,100,10991,4294,0,8158,858,910,63,0.194971,0.904836,0.899647
93,bce,128x128x128x64,0.001,hybrid,5,10,1,0.1,1.0,100,10991,8387,0,8559,1471,509,169,0.218350,0.853340,0.943869
94,bce,128x128x128x64,0.001,standard,10,5,1,0.1,1.0,100,10991,664,0,8556,357,512,58,0.095831,0.959946,0.943538
95,bce,128x128x128x64,0.001,standard,15,3,1,0.1,1.0,100,10991,400,0,8466,249,602,42,0.093846,0.971429,0.933613
96,bce,128x128x128x64,0.001,standard,5,10,1,0.1,1.0,100,10991,650,0,8451,248,617,72,0.095390,0.971491,0.931959
97,bce,128x128x128x64,0.0001,hybrid,10,5,1,0.0,1.0,100,10991,5758,0,7060,742,2008,102,0.303264,0.904896,0.778562
98,bce,128x128x128x64,0.0001,hybrid,15,3,1,0.0,1.0,100,10991,4918,0,7152,810,1916,80,0.300618,0.898267,0.788708
99,bce,128x128x128x64,0.0001,hybrid,5,10,1,0.0,1.0,100,10991,6160,0,7336,912,1732,113,0.291575,0.889428,0.808999
100,bce,128x128x128x64,0.0001,standard,10,5,1,0.0,1.0,100,10991,394,0,7896,134,1172,71,0.144023,0.983313,0.870754
101,bce,128x128x128x64,0.0001,standard,15,3,1,0.0,1.0,100,10991,482,0,8292,136,776,67,0.100573,0.983863,0.914424
102,bce,128x128x128x64,0.0001,standard,5,10,1,0.0,1.0,100,10991,341,0,8508,149,560,61,0.078187,0.982788,0.938244
103,bce,128x128x128x64,0.0001,hybrid,10,5,1,0.1,1.0,100,10991,15825,0,8306,3065,762,275,0.422034,0.730455,0.915968
104,bce,128x128x128x64,0.0001,hybrid,15,3,1,0.1,1.0,100,10991,11426,0,8492,1715,576,157,0.252647,0.831978,0.936480
105,bce,128x128x128x64,0.0001,hybrid,5,10,1,0.1,1.0,100,10991,29010,0,8344,6876,724,575,0.838112,0.548226,0.920159
106,bce,128x128x128x64,0.0001,standard,10,5,1,0.1,1.0,100,10991,2029,0,9020,928,48,128,0.107631,0.906715,0.994707
107,bce,128x128x128x64,0.0001,standard,15,3,1,0.1,1.0,100,10991,1507,0,8950,641,118,115,0.083701,0.933167,0.986987
108,bce,128x128x128x64,0.0001,standard,5,10,1,0.1,1.0,100,10991,2106,0,9049,1028,19,141,0.115461,0.897986,0.997905
109,error-rate,64x64x64x32,0.01,hybrid,10,5,1,0.0,1.0,100,10332,454450,659,4290,6520,4778,34,1.245920,0.396855,0.473092
110,error-rate,64x64x64x32,0.01,standard,10,5,1,0.0,1.0,100,10668,1240,323,8901,1619,167,137,0.196956,0.846103,0.981584
111,error-rate,64x64x64x32,0.01,hybrid,10,5,1,0.1,1.0,100,10736,523825,255,7630,63284,1438,312,7.137406,0.107595,0.841420
112,error-rate,64x64x64x32,0.01,standard,10,5,1,0.1,1.0,100,10979,8072,12,9042,4820,26,360,0.534407,0.652287,0.997133
113,error-rate,64x64x64x32,0.001,hybrid,10,5,1,0.0,1.0,100,10980,64052,11,6871,732,2197,89,0.323004,0.903722,0.757719
114,error-rate,64x64x64x32,0.001,standard,10,5,1,0.0,1.0,100,10991,1381,0,8865,652,203,93,0.094288,0.931491,0.977614
115,error-rate,64x64x64x32,0.001,hybrid,10,5,1,0.1,1.0,100,10985,197375,6,7767,4991,1301,108,0.693869,0.608794,0.856528
116,error-rate,64x64x64x32,0.001,standard,10,5,1,0.1,1.0,100,10991,2704,0,8943,887,125,113,0.111601,0.909766,0.986215
117,error-rate,64x64x64x32,0.0001,hybrid,10,5,1,0.0,1.0,100,10935,225003,56,7693,31148,1375,113,3.586568,0.198064,0.848368
118,error-rate,64x64x64x32,0.0001,standard,10,5,1,0.0,1.0,100,10991,1322,0,8953,558,115,112,0.074217,0.941331,0.987318
119,error-rate,64x64x64x32,0.0001,hybrid,10,5,1,0.1,1.0,100,10912,517992,79,8131,58190,937,165,6.520401,0.122601,0.896670
120,error-rate,64x64x64x32,0.0001,standard,10,5,1,0.1,1.0,100,10991,5589,0,9031,1160,37,133,0.132003,0.886174,0.995920
121,error-rate,128x64x32,0.01,hybrid,10,5,1,0.0,1.0,100,10881,326203,110,7850,25726,1218,93,2.971328,0.233798,0.865682
122,error-rate,128x64x32,0.01,standard,10,5,1,0.0,1.0,100,10682,886,309,8860,903,208,107,0.122519,0.907508,0.977062
123,error-rate,128x64x32,0.01,hybrid,10,5,1,0.1,1.0,100,10910,504263,81,8027,37669,1041,278,4.268858,0.175661,0.885201
124,error-rate,128x64x32,0.01,standard,10,5,1,0.1,1.0,100,10987,9753,4,9064,4238,4,281,0.467799,0.681401,0.999559
125,error-rate,128x64x32,0.001,hybrid,10,5,1,0.0,1.0,100,10978,10681,13,7375,701,1693,88,0.264005,0.913200,0.813300
126,error-rate,128x64x32,0.001,standard,10,5,1,0.0,1.0,100,10991,1073,0,8789,406,279,93,0.075540,0.955846,0.969232
127,error-rate,128x64x32,0.001,hybrid,10,5,1,0.1,1.0,100,10986,26404,5,8035,2475,1033,95,0.386855,0.764510,0.886083
128,error-rate,128x64x32,0.001,standard,10,5,1,0.1,1.0,100,10991,3165,0,8877,705,191,93,0.098809,0.926425,0.978937
129,error-rate,128x64x32,0.0001,hybrid,10,5,1,0.0,1.0,100,10930,221573,61,7852,23618,1216,109,2.738641,0.249507,0.865902
130,error-rate,128x64x32,0.0001,standard,10,5,1,0.0,1.0,100,10991,1387,0,8916,413,152,110,0.062307,0.955729,0.983238
131,error-rate,128x64x32,0.0001,hybrid,10,5,1,0.1,1.0,100,10936,512395,55,8179,47402,889,162,5.325430,0.147155,0.901963
132,error-rate,128x64x32,0.0001,standard,10,5,1,0.1,1.0,100,10991,4905,0,9031,947,37,132,0.108513,0.905091,0.995920
133,error-rate,128x128x128x64,0.01,hybrid,10,5,1,0.0,1.0,100,10222,402630,769,7624,79335,1444,996,8.908139,0.087674,0.840759
134,error-rate,128x128x128x64,0.01,standard,10,5,1,0.0,1.0,100,10714,8019,277,8894,4482,174,408,0.513454,0.664922,0.980812
135,error-rate,128x128x128x64,0.01,hybrid,10,5,1,0.1,1.0,100,10516,512064,475,4985,56927,4083,772,6.728055,0.080518,0.549735
136,error-rate,128x128x128x64,0.01,standard,10,5,1,0.1,1.0,100,10829,23288,162,8945,11507,123,1360,1.282532,0.437366,0.986436
137,error-rate,128x128x128x64,0.001,hybrid,10,5,1,0.0,1.0,100,10964,146908,27,6908,2152,2160,73,0.475518,0.762472,0.761800
138,error-rate,128x128x128x64,0.001,standard,10,5,1,0.0,1.0,100,10989,1569,2,8869,977,199,84,0.129687,0.900772,0.978055
139,error-rate,128x128x128x64,0.001,hybrid,10,5,1,0.1,1.0,100,10988,263854,3,7564,10312,1504,99,1.303044,0.423137,0.834142
140,error-rate,128x128x128x64,0.001,standard,10,5,1,0.1,1.0,100,10991,2867,0,8960,1115,108,111,0.134870,0.889330,0.988090
141,error-rate,128x128x128x64,0.0001,hybrid,10,5,1,0.0,1.0,100,10938,211365,53,6779,14048,2289,68,1.801610,0.325491,0.747574
142,error-rate,128x128x128x64,0.0001,standard,10,5,1,0.0,1.0,100,10990,1670,1,8784,356,284,104,0.070578,0.961050,0.968681
143,error-rate,128x128x128x64,0.0001,hybrid,10,5,1,0.1,1.0,100,10964,506245,27,7386,30681,1682,129,3.568924,0.194026,0.814513
144,error-rate,128x128x128x64,0.0001,standard,10,5,1,0.1,1.0,100,10991,3933,0,8942,905,126,111,0.113697,0.908094,0.986105
145,tversky,128x64x32,0.01,hybrid,10,5,1,0.0,1.0,100,10991,163249,0,7531,6410,1537,555,0.876378,0.540205,0.830503
146,tversky,128x64x32,0.01,hybrid,10,5,1,0.0,1.0,100,10991,349598,0,7771,4539,1297,309,0.643582,0.631275,0.856970
147,tversky,128x64x32,0.01,standard,10,5,1,0.0,1.0,100,10832,1537,159,9028,1238,40,153,0.140935,0.879408,0.995589
148,tversky,128x64x32,0.01,standard,10,5,1,0.0,1.0,100,10991,11816,0,9068,5297,0,453,0.584142,0.631257,1.000000
149,tversky,128x64x32,0.01,hybrid,10,5,1,0.1,1.0,100,10991,480663,0,8404,23008,664,765,2.610498,0.267541,0.926775
150,tversky,128x64x32,0.01,hybrid,10,5,1,0.1,1.0,100,10991,144996,0,8545,10450,523,700,1.210079,0.449855,0.942325
151,tversky,128x64x32,0.01,standard,10,5,1,0.1,1.0,100,10990,7851,1,9068,4267,0,392,0.470556,0.680015,1.000000
152,tversky,128x64x32,0.01,standard,10,5,1,0.1,1.0,100,10990,6315,1,9068,3556,0,344,0.392148,0.718314,1.000000
153,tversky,128x64x32,0.001,hybrid,10,5,1,0.0,1.0,100,10991,11248,0,7739,1077,1329,165,0.265329,0.877836,0.853441
154,tversky,128x64x32,0.001,hybrid,10,5,1,0.0,1.0,100,10990,7810,1,7829,1159,1239,158,0.264446,0.871050,0.863366
155,tversky,128x64x32,0.001,standard,10,5,1,0.0,1.0,100,10991,704,0,8963,421,105,120,0.058006,0.955136,0.988421
156,tversky,128x64x32,0.001,standard,10,5,1,0.0,1.0,100,10991,605,0,8899,291,169,117,0.050728,0.968335,0.981363
157,tversky,128x64x32,0.001,hybrid,10,5,1,0.1,1.0,100,10991,20351,0,8635,3226,433,340,0.403507,0.728016,0.952250
158,tversky,128x64x32,0.001,hybrid,10,5,1,0.1,1.0,100,10991,13618,0,8294,1858,774,238,0.290251,0.816982,0.914645
159,tversky,128x64x32,0.001,standard,10,5,1,0.1,1.0,100,10991,1778,0,9053,805,15,139,0.090428,0.918340,0.998346
160,tversky,128x64x32,0.001,standard,10,5,1,0.1,1.0,100,10991,1762,0,9039,834,29,136,0.095170,0.915527,0.996802
161,tversky,128x128x128x32,0.01,hybrid,10,5,1,0.0,1.0,100,10991,971805,0,9068,519779,0,67141,57.320137,0.017147,1.000000
162,tversky,128x128x128x32,0.01,hybrid,10,5,1,0.0,1.0,100,10329,479307,662,5872,20982,3196,86,2.666299,0.218664,0.647552
163,tversky,128x128x128x32,0.01,standard,10,5,1,0.0,1.0,100,10991,971805,0,9068,519779,0,67141,57.320137,0.017147,1.000000
164,tversky,128x128x128x32,0.01,standard,10,5,1,0.0,1.0,100,0,0,10991,0,0,9068,0,1.000000,0.000000,0.000000
165,tversky,128x128x128x32,0.01,hybrid,10,5,1,0.1,1.0,100,10991,971805,0,9068,519779,0,67141,57.320137,0.017147,1.000000
166,tversky,128x128x128x32,0.01,hybrid,10,5,1,0.1,1.0,100,10991,971805,0,9068,519779,0,67141,57.320137,0.017147,1.000000
167,tversky,128x128x128x32,0.01,standard,10,5,1,0.1,1.0,100,10900,13567,91,9005,12680,63,1215,1.405271,0.415264,0.993052
168,tversky,128x128x128x32,0.01,standard,10,5,1,0.1,1.0,100,10937,7025,54,9065,5976,3,666,0.659352,0.602686,0.999669
169,tversky,128x128x128x32,0.001,hybrid,10,5,1,0.0,1.0,100,10990,13956,1,7439,1148,1629,153,0.306242,0.866310,0.820357
170,tversky,128x128x128x32,0.001,hybrid,10,5,1,0.0,1.0,100,10991,12923,0,7369,766,1699,141,0.271835,0.905839,0.812638
171,tversky,128x128x128x32,0.001,standard,10,5,1,0.0,1.0,100,10991,1154,0,9020,781,48,128,0.091420,0.920314,0.994707
172,tversky,128x128x128x32,0.001,standard,10,5,1,0.0,1.0,100,10991,1221,0,9017,689,51,122,0.081606,0.929013,0.994376
173,tversky,128x128x128x32,0.001,hybrid,10,5,1,0.1,1.0,100,10991,45384,0,8286,3439,782,308,0.465483,0.706695,0.913763
174,tversky,128x128x128x32,0.001,hybrid,10,5,1,0.1,1.0,100,10991,18615,0,8416,2029,652,258,0.295655,0.805744,0.928099
175,tversky,128x128x128x32,0.001,standard,10,5,1,0.1,1.0,100,10991,2544,0,9065,1254,3,146,0.138619,0.878477,0.999669
176,tversky,128x128x128x32,0.001,standard,10,5,1,0.1,1.0,100,10991,2001,0,9059,1071,9,140,0.119100,0.894274,0.999007
177,focal-error-rate,128x64x32,0.01,hybrid,10,5,1,0.0,1.0,100,10989,5764,2,7421,418,1647,50,0.227724,0.946677,0.818372
178,focal-error-rate,128x64x32,0.01,hybrid,10,5,1,0.0,1.0,100,10991,3655,0,6565,366,2503,42,0.316387,0.947194,0.723974
179,focal-error-rate,128x64x32,0.01,standard,10,5,1,0.0,1.0,100,10991,1795,0,8381,952,687,38,0.180745,0.897996,0.924239
180,focal-error-rate,128x64x32,0.01,standard,10,5,1,0.0,1.0,100,10991,665,0,7843,387,1225,25,0.177768,0.952977,0.864910
181,focal-error-rate,128x64x32,0.01,hybrid,10,5,1,0.1,1.0,100,10990,13820,1,7671,1841,1397,65,0.357080,0.806455,0.845942
182,focal-error-rate,128x64x32,0.01,hybrid,10,5,1,0.1,1.0,100,10991,9952,0,7746,1149,1322,58,0.272497,0.870826,0.854213
183,focal-error-rate,128x64x32,0.01,standard,10,5,1,0.1,1.0,100,10991,2006,0,8650,583,418,53,0.110388,0.936857,0.953904
184,focal-error-rate,128x64x32,0.01,standard,10,5,1,0.1,1.0,100,10991,1311,0,8584,494,484,42,0.107852,0.945583,0.946625
185,focal-error-rate,128x64x32,0.001,hybrid,10,5,1,0.0,1.0,100,10990,9631,1,7291,664,1777,70,0.269188,0.916530,0.804036
186,focal-error-rate,128x64x32,0.001,hybrid,10,5,1,0.0,1.0,100,10991,5950,0,7199,459,1869,41,0.256727,0.940063,0.793891
187,focal-error-rate,128x64x32,0.001,standard,10,5,1,0.0,1.0,100,10991,832,0,6746,218,2322,45,0.280106,0.968696,0.743935
188,focal-error-rate,128x64x32,0.001,standard,10,5,1,0.0,1.0,100,10991,302,0,7886,240,1182,30,0.156815,0.970465,0.869652
189,focal-error-rate,128x64x32,0.001,hybrid,10,5,1,0.1,1.0,100,10990,13008,1,8295,1286,773,64,0.227062,0.865776,0.914755
190,focal-error-rate,128x64x32,0.001,hybrid,10,5,1,0.1,1.0,100,10991,7533,0,8240,1106,828,60,0.213277,0.881661,0.908690
191,focal-error-rate,128x64x32,0.001,standard,10,5,1,0.1,1.0,100,10991,2434,0,8640,883,428,48,0.144574,0.907277,0.952801
192,focal-error-rate,128x64x32,0.001,standard,10,5,1,0.1,1.0,100,10991,1800,0,8656,841,412,38,0.138178,0.911446,0.954566
193,focal-error-rate,128x128x128x32,0.01,hybrid,10,5,1,0.0,1.0,100,10989,6930,2,7014,278,2054,39,0.257168,0.961876,0.773489
194,focal-error-rate,128x128x128x32,0.01,hybrid,10,5,1,0.0,1.0,100,10991,2737,0,6823,247,2245,27,0.274813,0.965064,0.752426
195,focal-error-rate,128x128x128x32,0.01,standard,10,5,1,0.0,1.0,100,10991,1342,0,8490,318,578,66,0.098809,0.963896,0.936259
196,focal-error-rate,128x128x128x32,0.01,standard,10,5,1,0.0,1.0,100,10989,1848,2,8861,1067,207,72,0.140494,0.892526,0.977172
197,focal-error-rate,128x128x128x32,0.01,hybrid,10,5,1,0.1,1.0,100,10990,14691,1,7624,1383,1444,64,0.311756,0.846453,0.840759
198,focal-error-rate,128x128x128x32,0.01,hybrid,10,5,1,0.1,1.0,100,10991,10454,0,7680,1297,1388,52,0.296096,0.855520,0.846934
199,focal-error-rate,128x128x128x32,0.01,standard,10,5,1,0.1,1.0,100,10958,8257,33,9009,5277,59,336,0.588443,0.630617,0.993494
200,focal-error-rate,128x128x128x32,0.01,standard,10,5,1,0.1,1.0,100,10991,1773,0,8765,653,303,51,0.105426,0.930665,0.966586
201,focal-error-rate,128x128x128x32,0.001,hybrid,10,5,1,0.0,1.0,100,10988,4762,3,6613,298,2455,44,0.303595,0.956880,0.729268
202,focal-error-rate,128x128x128x32,0.001,hybrid,10,5,1,0.0,1.0,100,10991,3680,0,7301,377,1767,31,0.236436,0.950899,0.805139
203,focal-error-rate,128x128x128x32,0.001,standard,10,5,1,0.0,1.0,100,10991,645,0,7777,469,1291,34,0.194089,0.943124,0.857631
204,focal-error-rate,128x128x128x32,0.001,standard,10,5,1,0.0,1.0,100,10991,294,0,8195,432,873,27,0.143913,0.949925,0.903727
205,focal-error-rate,128x128x128x32,0.001,hybrid,10,5,1,0.1,1.0,100,10991,12353,0,7744,1390,1324,58,0.299294,0.847821,0.853992
206,focal-error-rate,128x128x128x32,0.001,hybrid,10,5,1,0.1,1.0,100,10991,8175,0,7523,1027,1545,44,0.283635,0.879883,0.829621
207,focal-error-rate,128x128x128x32,0.001,standard,10,5,1,0.1,1.0,100,10991,2157,0,8612,773,456,46,0.135532,0.917635,0.949713
208,focal-error-rate,128x128x128x32,0.001,standard,10,5,1,0.1,1.0,100,10991,1533,0,8556,800,512,34,0.144685,0.914493,0.943538
209,combined,128x64x32,0.01,hybrid,10,5,1,0.0,1.0,100,10991,3494,0,7212,473,1856,58,0.256837,0.938452,0.795324
210,combined,128x64x32,0.01,hybrid,10,5,1,0.0,1.0,100,10991,3473,0,7965,487,1103,65,0.175342,0.942381,0.878363
211,combined,128x64x32,0.01,standard,10,5,1,0.0,1.0,100,10991,180,0,7773,129,1295,30,0.157036,0.983675,0.857190
212,combined,128x64x32,0.01,standard,10,5,1,0.0,1.0,100,10991,171,0,8288,144,780,30,0.101897,0.982922,0.913983
213,combined,128x64x32,0.01,hybrid,10,5,1,0.1,1.0,100,10991,10017,0,8449,1598,619,184,0.244486,0.840948,0.931738
214,combined,128x64x32,0.01,hybrid,10,5,1,0.1,1.0,100,10991,10531,0,8839,2057,229,234,0.252095,0.811215,0.974746
215,combined,128x64x32,0.01,standard,10,5,1,0.1,1.0,100,10991,1240,0,8984,599,84,115,0.075320,0.937493,0.990737
216,combined,128x64x32,0.01,standard,10,5,1,0.1,1.0,100,10991,1298,0,9017,584,51,122,0.070026,0.939173,0.994376
217,combined,128x64x32,0.001,hybrid,10,5,1,0.0,1.0,100,10991,4098,0,7750,567,1318,99,0.207874,0.931826,0.854654
218,combined,128x64x32,0.001,hybrid,10,5,1,0.0,1.0,100,10991,3725,0,7641,520,1427,94,0.214711,0.936282,0.842633
219,combined,128x64x32,0.001,standard,10,5,1,0.0,1.0,100,10991,165,0,7630,64,1438,35,0.165637,0.991682,0.841420
220,combined,128x64x32,0.001,standard,10,5,1,0.0,1.0,100,10991,183,0,7997,118,1071,36,0.131120,0.985459,0.881892
221,combined,128x64x32,0.001,hybrid,10,5,1,0.1,1.0,100,10991,6598,0,8704,1285,364,135,0.181848,0.871358,0.959859
222,combined,128x64x32,0.001,hybrid,10,5,1,0.1,1.0,100,10991,6049,0,8408,1158,660,141,0.200485,0.878946,0.927217
223,combined,128x64x32,0.001,standard,10,5,1,0.1,1.0,100,10991,478,0,8859,305,209,70,0.056683,0.966718,0.976952
224,combined,128x64x32,0.001,standard,10,5,1,0.1,1.0,100,10991,624,0,8617,331,451,70,0.086237,0.963008,0.950265
225,combined,128x128x128x32,0.01,hybrid,10,5,1,0.0,1.0,100,10991,3315,0,7293,407,1775,47,0.240626,0.947143,0.804257
226,combined,128x128x128x32,0.01,hybrid,10,5,1,0.0,1.0,100,10991,2740,0,7170,371,1898,57,0.250221,0.950802,0.790693
227,combined,128x128x128x32,0.01,standard,10,5,1,0.0,1.0,100,10991,347,0,8427,148,641,41,0.087009,0.982741,0.929312
228,combined,128x128x128x32,0.01,standard,10,5,1,0.0,1.0,100,10991,341,0,8174,123,894,46,0.112153,0.985175,0.901412
229,combined,128x128x128x32,0.01,hybrid,10,5,1,0.1,1.0,100,10991,10173,0,8638,1632,430,207,0.227393,0.841091,0.952581
230,combined,128x128x128x32,0.01,hybrid,10,5,1,0.1,1.0,100,10991,11257,0,8650,1889,418,212,0.254411,0.820761,0.953904
231,combined,128x128x128x32,0.01,standard,10,5,1,0.1,1.0,100,10991,3886,0,9065,2180,3,167,0.240737,0.806136,0.999669
232,combined,128x128x128x32,0.01,standard,10,5,1,0.1,1.0,100,10991,3247,0,9067,1710,1,165,0.188685,0.841329,0.999890
233,combined,128x128x128x32,0.001,hybrid,10,5,1,0.0,1.0,100,10991,2960,0,7428,410,1640,66,0.226070,0.947691,0.819144
234,combined,128x128x128x32,0.001,hybrid,10,5,1,0.0,1.0,100,10991,2890,0,7323,359,1745,49,0.232025,0.953267,0.807565
235,combined,128x128x128x32,0.001,standard,10,5,1,0.0,1.0,100,10991,143,0,7764,66,1304,33,0.151081,0.991571,0.856198
236,combined,128x128x128x32,0.001,standard,10,5,1,0.0,1.0,100,10991,127,0,7792,71,1276,31,0.148544,0.990970,0.859285
237,combined,128x128x128x32,0.001,hybrid,10,5,1,0.1,1.0,100,10991,5505,0,8212,835,856,88,0.186480,0.907704,0.905602
238,combined,128x128x128x32,0.001,hybrid,10,5,1,0.1,1.0,100,10991,6285,0,8194,946,874,100,0.200706,0.896499,0.903617
239,combined,128x128x128x32,0.001,standard,10,5,1,0.1,1.0,100,10991,613,0,8492,290,576,45,0.095501,0.966978,0.936480
240,combined,128x128x128x32,0.001,standard,10,5,1,0.1,1.0,100,10991,534,0,8554,291,514,47,0.088774,0.967100,0.943317
